# name	package	module	version
go-critic	github.com/go-critic/go-critic/cmd/go-critic	github.com/go-critic/go-critic	v0.14.4
golangci-lint	github.com/golangci/golangci-lint/v2/cmd/golangci-lint	github.com/golangci/golangci-lint/v2	v2.13.1
go-licenses	github.com/google/go-licenses/v2	github.com/google/go-licenses/v2	v2.0.1
actionlint	github.com/rhysd/actionlint/cmd/actionlint	github.com/rhysd/actionlint	v1.7.12
gosec	github.com/securego/gosec/v2/cmd/gosec	github.com/securego/gosec/v2	v2.28.0
sqlc	github.com/sqlc-dev/sqlc/cmd/sqlc	github.com/sqlc-dev/sqlc	v1.31.1
goimports	golang.org/x/tools/cmd/goimports	golang.org/x/tools	v0.49.0
govulncheck	golang.org/x/vuln/cmd/govulncheck	golang.org/x/vuln	v1.7.0
staticcheck	honnef.co/go/tools/cmd/staticcheck	honnef.co/go/tools	v0.8.0
